discipline,title_mean_lifespan,title_mean_lifespan_cv,title_mean_lifespan_zscore,title_publication_count,title_mean_lifespan_relative,title_mean_lifespan_cv_relative,title_mean_lifespan_zscore_relative,title_publication_count_relative,lineage_mean_lifespan,lineage_mean_lifespan_cv,lineage_mean_lifespan_zscore,lineage_publication_count,lineage_mean_lifespan_relative,lineage_mean_lifespan_cv_relative,lineage_mean_lifespan_zscore_relative,lineage_publication_count_relative,discipline_category,discipline_category_title_mean_lifespan,discipline_category_title_mean_lifespan_cv,discipline_category_title_mean_lifespan_zscore,discipline_category_title_publication_count,discipline_category_title_mean_lifespan_relative,discipline_category_title_mean_lifespan_cv_relative,discipline_category_title_mean_lifespan_zscore_relative,discipline_category_title_publication_count_relative,discipline_category_lineage_mean_lifespan,discipline_category_lineage_mean_lifespan_cv,discipline_category_lineage_mean_lifespan_zscore,discipline_category_lineage_publication_count,discipline_category_lineage_mean_lifespan_relative,discipline_category_lineage_mean_lifespan_cv_relative,discipline_category_lineage_mean_lifespan_zscore_relative,discipline_category_lineage_publication_count_relative
Garden & Landscape,25.90909090909091,1.1797470136909487,-0.6878196265172057,11,-9.041068256824094,0.37538229215260643,-0.6878196265172053,-136.43333333333334,47.54545454545455,0.5096956330919502,-0.7509345640298474,11,-21.446879597010508,-0.11111996774380717,-0.7509345640298477,-138.05555555555554,Humanities,38.625,0.8587150185430902,0.9893067679188917,2017,2.209650204741372,0.006354111738882118,0.9893067679188907,105.33333333333326,69.16577540106952,0.7656970941412302,-0.4443984891822286,2019,-7.962284577658124,-0.07253258547059438,-0.4443984891822286,103.66666666666674
Folklore,35.483870967741936,1.1579920400150823,0.040603327148132584,31,0.5337118018269322,0.35362731847674,0.040603327148133,-116.43333333333334,84.83870967741936,0.5410261603583326,0.5548402064724073,31,15.846375534954305,-0.07978944047742476,0.554840206472407,-118.05555555555554,Humanities,38.625,0.8587150185430902,0.9893067679188917,2017,2.209650204741372,0.006354111738882118,0.9893067679188907,105.33333333333326,69.16577540106952,0.7656970941412302,-0.4443984891822286,2019,-7.962284577658124,-0.07253258547059438,-0.4443984891822286,103.66666666666674
Irish Studies,32.87692307692308,1.0569656581492572,-0.15772610402936418,64,-2.0732360889919264,0.252600936610915,-0.15772610402936377,-83.43333333333334,101.46153846153847,1.3402724671392345,1.1368669124779398,64,32.46920431907341,0.7194568663034772,1.1368669124779396,-85.05555555555554,Humanities,38.625,0.8587150185430902,0.9893067679188917,2017,2.209650204741372,0.006354111738882118,0.9893067679188907,105.33333333333326,69.16577540106952,0.7656970941412302,-0.4443984891822286,2019,-7.962284577658124,-0.07253258547059438,-0.4443984891822286,103.66666666666674
Bibliography,31.558823529411764,1.013535038431318,-0.2580034952322706,33,-3.391335636503239,0.20917031689297572,-0.25800349523227023,-114.43333333333334,70.61764705882354,0.43355882847499067,0.05690821551625041,33,1.6253129163584816,-0.1872567723607667,0.056908215516250096,-116.05555555555554,Humanities,38.625,0.8587150185430902,0.9893067679188917,2017,2.209650204741372,0.006354111738882118,0.9893067679188907,105.33333333333326,69.16577540106952,0.7656970941412302,-0.4443984891822286,2019,-7.962284577658124,-0.07253258547059438,-0.4443984891822286,103.66666666666674
Art & Art History,31.660649819494584,0.9952838494103109,-0.25025683091950723,276,-3.28950934642042,0.19091912787196863,-0.25025683091950685,128.56666666666666,62.895306859205775,0.7576007940105766,-0.21347947164633588,276,-6.09702728325928,0.1367851931748192,-0.21347947164633618,126.94444444444446,Humanities,38.625,0.8587150185430902,0.9893067679188917,2017,2.209650204741372,0.006354111738882118,0.9893067679188907,105.33333333333326,69.16577540106952,0.7656970941412302,-0.4443984891822286,2019,-7.962284577658124,-0.07253258547059438,-0.4443984891822286,103.66666666666674
Architecture & Architectural History,29.7,0.9565043455589264,-0.39941768097258634,69,-5.250159165915004,0.15213962402058412,-0.39941768097258595,-78.43333333333334,49.98571428571429,0.5890162725880174,-0.6654920465819028,69,-19.006619856750767,-0.03179932824774001,-0.6654920465819031,-80.05555555555554,Humanities,38.625,0.8587150185430902,0.9893067679188917,2017,2.209650204741372,0.006354111738882118,0.9893067679188907,105.33333333333326,69.16577540106952,0.7656970941412302,-0.4443984891822286,2019,-7.962284577658124,-0.07253258547059438,-0.4443984891822286,103.66666666666674
Arts,31.9789029535865,0.9138161095996373,-0.2260450070939535,473,-2.9712562123285053,0.10945138806129506,-0.2260450070939531,325.56666666666666,61.66943866943867,0.6868055087886773,-0.2564016501607868,473,-7.322895473026385,0.06598990795291992,-0.25640165016078714,323.94444444444446,Humanities,38.625,0.8587150185430902,0.9893067679188917,2017,2.209650204741372,0.006354111738882118,0.9893067679188907,105.33333333333326,69.16577540106952,0.7656970941412302,-0.4443984891822286,2019,-7.962284577658124,-0.07253258547059438,-0.4443984891822286,103.66666666666674
History,41.286458333333336,0.866088556419743,0.48204822738125186,574,6.336299167418332,0.06172383488140076,0.48204822738125225,426.56666666666666,84.20034246575342,0.7507721631082475,0.5324886097464141,578,15.208008323288368,0.12995656227249008,0.5324886097464138,428.94444444444446,Humanities,38.625,0.8587150185430902,0.9893067679188917,2017,2.209650204741372,0.006354111738882118,0.9893067679188907,105.33333333333326,69.16577540106952,0.7656970941412302,-0.4443984891822286,2019,-7.962284577658124,-0.07253258547059438,-0.4443984891822286,103.66666666666674
Museum Studies,26.0,0.8557660531742317,-0.6809035127151766,18,-8.950159165915004,0.05140133163588945,-0.6809035127151761,-129.43333333333334,61.125,0.3872458794154935,-0.2754644612810071,24,-7.8673341424650545,-0.2335697214202639,-0.27546446128100743,-125.05555555555554,Humanities,38.625,0.8587150185430902,0.9893067679188917,2017,2.209650204741372,0.006354111738882118,0.9893067679188907,105.33333333333326,69.16577540106952,0.7656970941412302,-0.4443984891822286,2019,-7.962284577658124,-0.07253258547059438,-0.4443984891822286,103.66666666666674
British Studies,40.529411764705884,0.8515070762631562,0.4244542049385567,16,5.57925259879088,0.047142354724813984,0.42445420493855707,-131.43333333333334,69.6470588235294,0.39601907103232037,0.022924332218621803,16,0.6547246810643514,-0.224796529803437,0.02292433221862149,-133.05555555555554,Humanities,38.625,0.8587150185430902,0.9893067679188917,2017,2.209650204741372,0.006354111738882118,0.9893067679188907,105.33333333333326,69.16577540106952,0.7656970941412302,-0.4443984891822286,2019,-7.962284577658124,-0.07253258547059438,-0.4443984891822286,103.66666666666674
Language & Literature,37.1371610845295,0.8309663501499336,0.16638109569833595,625,2.1870019186144987,0.02660162861159132,0.16638109569833637,477.56666666666666,62.76470588235294,0.8857585270529458,-0.2180522948009231,625,-6.2276282601121125,0.2649429262171884,-0.21805229480092342,475.94444444444446,Humanities,38.625,0.8587150185430902,0.9893067679188917,2017,2.209650204741372,0.006354111738882118,0.9893067679188907,105.33333333333326,69.16577540106952,0.7656970941412302,-0.4443984891822286,2019,-7.962284577658124,-0.07253258547059438,-0.4443984891822286,103.66666666666674
Humanities,40.933214603739984,0.8245363287855182,0.4551744152103223,1119,5.98305543782498,0.020171607247175927,0.4551744152103227,971.5666666666666,68.11504424778761,0.7397487160253208,-0.03071716338069139,1126,-0.8772898946774461,0.1189331151895634,-0.030717163380691703,976.9444444444445,Humanities,38.625,0.8587150185430902,0.9893067679188917,2017,2.209650204741372,0.006354111738882118,0.9893067679188907,105.33333333333326,69.16577540106952,0.7656970941412302,-0.4443984891822286,2019,-7.962284577658124,-0.07253258547059438,-0.4443984891822286,103.66666666666674
Slavic Studies,32.78787878787879,0.8170877429147368,-0.1645003488303261,33,-2.1622803780362148,0.012723021376394583,-0.1645003488303257,-114.43333333333334,62.09090909090909,0.3663620402689563,-0.2416444121315079,33,-6.901425051555961,-0.2544535605668011,-0.2416444121315082,-116.05555555555554,Humanities,38.625,0.8587150185430902,0.9893067679188917,2017,2.209650204741372,0.006354111738882118,0.9893067679188907,105.33333333333326,69.16577540106952,0.7656970941412302,-0.4443984891822286,2019,-7.962284577658124,-0.07253258547059438,-0.4443984891822286,103.66666666666674
Religion,43.21938775510204,0.78686816486769,0.6291001857559243,196,8.269228589187037,-0.017496556670652308,0.6291001857559247,48.56666666666666,78.99489795918367,0.5791767316357112,0.35022674813427584,196,10.00256381671862,-0.041638869200046225,0.3502267481342755,46.94444444444446,Humanities,38.625,0.8587150185430902,0.9893067679188917,2017,2.209650204741372,0.006354111738882118,0.9893067679188907,105.33333333333326,69.16577540106952,0.7656970941412302,-0.4443984891822286,2019,-7.962284577658124,-0.07253258547059438,-0.4443984891822286,103.66666666666674
Philosophy,45.07692307692308,0.7421998048231948,0.770416368202961,169,10.126763911008076,-0.062164916715147456,0.7704163682029614,21.566666666666663,61.46783625730994,0.5786394149855751,-0.26346049612364447,169,-7.524497885155114,-0.042176185850182235,-0.2634604961236448,19.944444444444457,Humanities,38.625,0.8587150185430902,0.9893067679188917,2017,2.209650204741372,0.006354111738882118,0.9893067679188907,105.33333333333326,69.16577540106952,0.7656970941412302,-0.4443984891822286,2019,-7.962284577658124,-0.07253258547059438,-0.4443984891822286,103.66666666666674
Music,38.3421052631579,0.7412459083182881,0.25804993740768895,114,3.3919460972428936,-0.06311881322005419,0.25804993740768933,-33.43333333333334,69.6140350877193,0.5403882280488145,0.021768049108017017,114,0.621700945254247,-0.0804273727869429,0.021768049108016704,-35.05555555555554,Humanities,38.625,0.8587150185430902,0.9893067679188917,2017,2.209650204741372,0.006354111738882118,0.9893067679188907,105.33333333333326,69.16577540106952,0.7656970941412302,-0.4443984891822286,2019,-7.962284577658124,-0.07253258547059438,-0.4443984891822286,103.66666666666674
Classical Studies,62.56310679611651,0.7022622533517889,2.100717170419421,101,27.612947630201504,-0.10210246818655333,2.1007171704194216,-46.43333333333334,92.25714285714285,0.4454739489911462,0.814586985037655,103,23.264808714677798,-0.1753416518446112,0.8145869850376547,-46.05555555555554,Humanities,38.625,0.8587150185430902,0.9893067679188917,2017,2.209650204741372,0.006354111738882118,0.9893067679188907,105.33333333333326,69.16577540106952,0.7656970941412302,-0.4443984891822286,2019,-7.962284577658124,-0.07253258547059438,-0.4443984891822286,103.66666666666674
Jewish Studies,40.19736842105263,0.6949502801896809,0.39919325986752235,75,5.247209255137626,-0.1094144413486614,0.39919325986752274,-72.43333333333334,61.13157894736842,0.6466824289974675,-0.27523410800506637,75,-7.860755195096637,0.025866828161710154,-0.2752341080050667,-74.05555555555554,Humanities,38.625,0.8587150185430902,0.9893067679188917,2017,2.209650204741372,0.006354111738882118,0.9893067679188907,105.33333333333326,69.16577540106952,0.7656970941412302,-0.4443984891822286,2019,-7.962284577658124,-0.07253258547059438,-0.4443984891822286,103.66666666666674
Performing Arts,25.68421052631579,0.6862344090545779,-0.7049279080274886,38,-9.265948639599213,-0.11813031248376438,-0.7049279080274882,-109.43333333333334,49.10526315789474,0.42513685265782336,-0.6963198964249596,38,-19.887070984570315,-0.19567874817793401,-0.69631989642496,-111.05555555555554,Humanities,38.625,0.8587150185430902,0.9893067679188917,2017,2.209650204741372,0.006354111738882118,0.9893067679188907,105.33333333333326,69.16577540106952,0.7656970941412302,-0.4443984891822286,2019,-7.962284577658124,-0.07253258547059438,-0.4443984891822286,103.66666666666674
Film Studies,27.857142857142858,0.6762334972195834,-0.5396171879022934,28,-7.093016308772146,-0.1281312243187589,-0.539617187902293,-119.43333333333334,48.714285714285715,0.40310937624130966,-0.7100094625380166,28,-20.27804842817934,-0.21770622459444772,-0.7100094625380169,-121.05555555555554,Humanities,38.625,0.8587150185430902,0.9893067679188917,2017,2.209650204741372,0.006354111738882118,0.9893067679188907,105.33333333333326,69.16577540106952,0.7656970941412302,-0.4443984891822286,2019,-7.962284577658124,-0.07253258547059438,-0.4443984891822286,103.66666666666674
Engineering,26.0,1.0219484811989554,-0.6809035127151766,23,-8.950159165915004,0.21758375966061316,-0.6809035127151761,-124.43333333333334,66.73913043478261,0.7199304291456162,-0.07889299402486472,23,-2.253203707682445,0.09911482830985885,-0.07889299402486502,-126.05555555555554,STEM,36.4623745819398,0.8592469105467515,0.021053983849479544,955,0.04702478668117038,0.006886003742543445,0.021053983849478507,-956.6666666666667,97.64613526570048,0.981551976635311,1.1451740476650738,959,20.51807528697283,0.14332229702348642,1.1451740476650738,-956.3333333333333
Zoology,37.626506024096386,0.9525560154835316,0.2036091138937446,83,2.6763468581813825,0.14819129394518937,0.203609113893745,-64.43333333333334,85.34117647058824,0.49644963252922986,0.5724334269948157,85,16.348842328123183,-0.12436596830652752,0.5724334269948154,-64.05555555555554,STEM,36.4623745819398,0.8592469105467515,0.021053983849479544,955,0.04702478668117038,0.006886003742543445,0.021053983849478507,-956.6666666666667,97.64613526570048,0.981551976635311,1.1451740476650738,959,20.51807528697283,0.14332229702348642,1.1451740476650738,-956.3333333333333
Environmental Science,27.333333333333332,0.882707937622276,-0.579467176952081,62,-7.616825832581672,0.07834321608393369,-0.5794671769520806,-85.43333333333334,93.16666666666667,1.4310128274249505,0.8464327769762986,65,24.174332524201617,0.8101972265891931,0.8464327769762983,-84.05555555555554,STEM,36.4623745819398,0.8592469105467515,0.021053983849479544,955,0.04702478668117038,0.006886003742543445,0.021053983849478507,-956.6666666666667,97.64613526570048,0.981551976635311,1.1451740476650738,959,20.51807528697283,0.14332229702348642,1.1451740476650738,-956.3333333333333
Mathematics,35.59166666666667,0.8707694684399462,0.04880412768059264,119,0.6415075007516648,0.06640474690160392,0.04880412768059306,-28.433333333333337,164.296875,0.9436781440631682,3.336964406183064,127,95.30454085753495,0.3228625432274108,3.3369644061830637,-22.055555555555543,STEM,36.4623745819398,0.8592469105467515,0.021053983849479544,955,0.04702478668117038,0.006886003742543445,0.021053983849478507,-956.6666666666667,97.64613526570048,0.981551976635311,1.1451740476650738,959,20.51807528697283,0.14332229702348642,1.1451740476650738,-956.3333333333333
Science & Mathematics,38.4793152639087,0.8574387587703522,0.2684884971873489,696,3.529156097993699,0.053074037232009985,0.2684884971873493,548.5666666666666,100.17802503477051,0.9297141030787093,1.0919263610472878,701,31.18569089230546,0.3088985022429519,1.0919263610472876,551.9444444444445,STEM,36.4623745819398,0.8592469105467515,0.021053983849479544,955,0.04702478668117038,0.006886003742543445,0.021053983849478507,-956.6666666666667,97.64613526570048,0.981551976635311,1.1451740476650738,959,20.51807528697283,0.14332229702348642,1.1451740476650738,-956.3333333333333
Biological Sciences,42.62847222222222,0.8539811410096675,0.5841449559553049,285,7.678313056307218,0.049616419471325224,0.5841449559553054,137.56666666666666,119.33112582781457,0.9560478945058429,1.7625472468869738,299,50.33879168534952,0.33523229367008556,1.7625472468869736,149.94444444444446,STEM,36.4623745819398,0.8592469105467515,0.021053983849479544,955,0.04702478668117038,0.006886003742543445,0.021053983849478507,-956.6666666666667,97.64613526570048,0.981551976635311,1.1451740476650738,959,20.51807528697283,0.14332229702348642,1.1451740476650738,-956.3333333333333
Aquatic Sciences,32.48148148148148,0.8477172134726959,-0.18781021386679517,26,-2.4686776844335228,0.04335249193435364,-0.18781021386679475,-121.43333333333334,69.37037037037037,0.5052844993161413,0.013236446295392303,26,0.3780362279053122,-0.1155311015196161,0.013236446295391993,-123.05555555555554,STEM,36.4623745819398,0.8592469105467515,0.021053983849479544,955,0.04702478668117038,0.006886003742543445,0.021053983849478507,-956.6666666666667,97.64613526570048,0.981551976635311,1.1451740476650738,959,20.51807528697283,0.14332229702348642,1.1451740476650738,-956.3333333333333
Geology,64.6,0.84031634791296,2.255678407626441,5,29.64984083408499,0.035951626374617685,2.2556784076264416,-142.43333333333334,73.0,0.6203831163958494,0.14032320179224658,5,4.0076658575349455,-0.00043248443990795415,0.14032320179224628,-144.05555555555554,STEM,36.4623745819398,0.8592469105467515,0.021053983849479544,955,0.04702478668117038,0.006886003742543445,0.021053983849478507,-956.6666666666667,97.64613526570048,0.981551976635311,1.1451740476650738,959,20.51807528697283,0.14332229702348642,1.1451740476650738,-956.3333333333333
Paleontology,41.07142857142857,0.8375992059682199,0.4656893540355291,14,6.121269405513566,0.03323448442987764,0.46568935403552947,-133.43333333333334,52.714285714285715,0.5652219646713826,-0.5699546707659732,14,-16.27804842817934,-0.05559363616437474,-0.5699546707659735,-135.05555555555554,STEM,36.4623745819398,0.8592469105467515,0.021053983849479544,955,0.04702478668117038,0.006886003742543445,0.021053983849478507,-956.6666666666667,97.64613526570048,0.981551976635311,1.1451740476650738,959,20.51807528697283,0.14332229702348642,1.1451740476650738,-956.3333333333333
Medicine & Allied Health,26.564102564102566,0.8321271889827968,-0.6379881398923284,194,-8.386056601812438,0.02776246744445454,-0.6379881398923279,46.56666666666666,62.35204081632653,0.663328381461698,-0.23250122477440457,195,-6.640293326138526,0.04251278062594066,-0.23250122477440488,45.94444444444446,STEM,36.4623745819398,0.8592469105467515,0.021053983849479544,955,0.04702478668117038,0.006886003742543445,0.021053983849478507,-956.6666666666667,97.64613526570048,0.981551976635311,1.1451740476650738,959,20.51807528697283,0.14332229702348642,1.1451740476650738,-956.3333333333333
Sustainability,28.345744680851062,0.8300826611552785,-0.5024457039191986,186,-6.604414485063941,0.025717939616936247,-0.5024457039191982,38.56666666666666,61.42211055276382,0.6991901397996464,-0.26506152213085377,191,-7.570223589701236,0.07837453896388902,-0.2650615221308541,41.94444444444446,STEM,36.4623745819398,0.8592469105467515,0.021053983849479544,955,0.04702478668117038,0.006886003742543445,0.021053983849478507,-956.6666666666667,97.64613526570048,0.981551976635311,1.1451740476650738,959,20.51807528697283,0.14332229702348642,1.1451740476650738,-956.3333333333333
Health Sciences,28.21212121212121,0.8151308908248299,-0.5126114101991317,99,-6.738037953793793,0.010766169286487659,-0.5126114101991313,-48.43333333333334,65.08,0.6741257008625395,-0.1369852859163993,100,-3.912334142465056,0.05331010002678216,-0.1369852859163996,-49.05555555555554,STEM,36.4623745819398,0.8592469105467515,0.021053983849479544,955,0.04702478668117038,0.006886003742543445,0.021053983849478507,-956.6666666666667,97.64613526570048,0.981551976635311,1.1451740476650738,959,20.51807528697283,0.14332229702348642,1.1451740476650738,-956.3333333333333
Ecology & Evolutionary Biology,37.23893805309734,0.8081639908308555,0.17412400776578404,110,2.288778887182339,0.0037992692925132854,0.17412400776578446,-37.43333333333334,66.35897435897436,0.570301379189621,-0.09220366403441492,114,-2.6333597834906897,-0.05051422164613639,-0.09220366403441523,-35.05555555555554,STEM,36.4623745819398,0.8592469105467515,0.021053983849479544,955,0.04702478668117038,0.006886003742543445,0.021053983849478507,-956.6666666666667,97.64613526570048,0.981551976635311,1.1451740476650738,959,20.51807528697283,0.14332229702348642,1.1451740476650738,-956.3333333333333
Technology,25.083333333333332,0.8062123969959972,-0.750640993552305,24,-9.866825832581672,0.0018476754576549625,-0.7506409935523045,-123.43333333333334,62.0,0.6412177865123942,-0.24482747558087262,29,-6.9923341424650545,0.020402185676636875,-0.24482747558087292,-120.05555555555554,STEM,36.4623745819398,0.8592469105467515,0.021053983849479544,955,0.04702478668117038,0.006886003742543445,0.021053983849478507,-956.6666666666667,97.64613526570048,0.981551976635311,1.1451740476650738,959,20.51807528697283,0.14332229702348642,1.1451740476650738,-956.3333333333333
Botany & Plant Sciences,43.710691823899374,0.7890018301776756,0.6664772491191503,159,8.76053265798437,-0.015362891360666708,0.6664772491191507,11.566666666666663,122.93373493975903,0.774124530806643,1.8886879141393358,166,53.94140079729398,0.15330892997088563,1.8886879141393356,16.944444444444457,STEM,36.4623745819398,0.8592469105467515,0.021053983849479544,955,0.04702478668117038,0.006886003742543445,0.021053983849478507,-956.6666666666667,97.64613526570048,0.981551976635311,1.1451740476650738,959,20.51807528697283,0.14332229702348642,1.1451740476650738,-956.3333333333333
General Science,45.940298507462686,0.7889840333742228,0.8360995982493279,67,10.990139341547682,-0.015380688164119416,0.8360995982493283,-80.43333333333334,241.5,0.6870573671338165,6.040131305189572,70,172.50766585753496,0.06624176629805911,6.040131305189572,-79.05555555555554,STEM,36.4623745819398,0.8592469105467515,0.021053983849479544,955,0.04702478668117038,0.006886003742543445,0.021053983849478507,-956.6666666666667,97.64613526570048,0.981551976635311,1.1451740476650738,959,20.51807528697283,0.14332229702348642,1.1451740476650738,-956.3333333333333
Statistics,37.06896551724138,0.7726263218446152,0.16119296435259145,57,2.118806351326377,-0.03173839969372705,0.16119296435259187,-90.43333333333334,87.0,0.5825081306349562,0.6305149729943983,57,18.007665857534946,-0.038307470200801164,0.630514972994398,-92.05555555555554,STEM,36.4623745819398,0.8592469105467515,0.021053983849479544,955,0.04702478668117038,0.006886003742543445,0.021053983849478507,-956.6666666666667,97.64613526570048,0.981551976635311,1.1451740476650738,959,20.51807528697283,0.14332229702348642,1.1451740476650738,-956.3333333333333
Science & Technology Studies,41.3448275862069,0.7405185226514716,0.4864887997307945,29,6.394668420291893,-0.06384619888687071,0.4864887997307949,-118.43333333333334,62.125,0.39362106618048265,-0.24045076333799625,32,-6.8673341424650545,-0.22719453465527473,-0.24045076333799656,-117.05555555555554,STEM,36.4623745819398,0.8592469105467515,0.021053983849479544,955,0.04702478668117038,0.006886003742543445,0.021053983849478507,-956.6666666666667,97.64613526570048,0.981551976635311,1.1451740476650738,959,20.51807528697283,0.14332229702348642,1.1451740476650738,-956.3333333333333
History of Science & Technology,42.74545454545454,0.7311277606763907,0.5930446496186104,55,7.795295379539539,-0.07323696086195153,0.5930446496186108,-92.43333333333334,81.62711864406779,0.6197895729206012,0.44239052811415347,55,12.634784501602738,-0.001026027915156158,0.44239052811415314,-94.05555555555554,STEM,36.4623745819398,0.8592469105467515,0.021053983849479544,955,0.04702478668117038,0.006886003742543445,0.021053983849478507,-956.6666666666667,97.64613526570048,0.981551976635311,1.1451740476650738,959,20.51807528697283,0.14332229702348642,1.1451740476650738,-956.3333333333333
Agriculture,31.904761904761905,0.6611059204795526,-0.23168545433575313,21,-3.0453972611530986,-0.14325880105878963,-0.23168545433575272,-126.43333333333334,75.23076923076923,0.40024676544072485,0.2184306818189629,26,6.238435088304172,-0.22056883539503253,0.2184306818189626,-123.05555555555554,STEM,36.4623745819398,0.8592469105467515,0.021053983849479544,955,0.04702478668117038,0.006886003742543445,0.021053983849478507,-956.6666666666667,97.64613526570048,0.981551976635311,1.1451740476650738,959,20.51807528697283,0.14332229702348642,1.1451740476650738,-956.3333333333333
Environmental Studies,24.304347826086957,0.6207086913566217,-0.8099040701530265,23,-10.645811339828047,-0.1836560301817206,-0.809904070153026,-124.43333333333334,38.73913043478261,0.610477449227266,-1.059276536429168,23,-30.253203707682445,-0.010338151608491386,-1.0592765364291683,-126.05555555555554,STEM,36.4623745819398,0.8592469105467515,0.021053983849479544,955,0.04702478668117038,0.006886003742543445,0.021053983849478507,-956.6666666666667,97.64613526570048,0.981551976635311,1.1451740476650738,959,20.51807528697283,0.14332229702348642,1.1451740476650738,-956.3333333333333
Horticulture,38.25,0.6182857047733189,0.2510428221082644,12,3.2998408340849963,-0.18607901676502336,0.2510428221082648,-135.43333333333334,104.25,0.46732226730859355,1.2345012625113352,12,35.257665857534946,-0.15349333352716382,1.234501262511335,-137.05555555555554,STEM,36.4623745819398,0.8592469105467515,0.021053983849479544,955,0.04702478668117038,0.006886003742543445,0.021053983849478507,-956.6666666666667,97.64613526570048,0.981551976635311,1.1451740476650738,959,20.51807528697283,0.14332229702348642,1.1451740476650738,-956.3333333333333
Developmental & Cell Biology,23.857142857142858,0.5910172562671828,-0.8439261951915802,7,-11.093016308772146,-0.21334746527115944,-0.8439261951915797,-140.43333333333334,68.28571428571429,0.3385891327181131,-0.024741374224804293,7,-0.7066198567507627,-0.2822264681176443,-0.024741374224804605,-142.05555555555554,STEM,36.4623745819398,0.8592469105467515,0.021053983849479544,955,0.04702478668117038,0.006886003742543445,0.021053983849478507,-956.6666666666667,97.64613526570048,0.981551976635311,1.1451740476650738,959,20.51807528697283,0.14332229702348642,1.1451740476650738,-956.3333333333333
Computer Science,33.0,0.5043429386997951,-0.1483627499589246,7,-1.9501591659150037,-0.3000217828385472,-0.14836274995892418,-140.43333333333334,64.1,0.4057795316410288,-0.17129870990055004,10,-4.89233414246506,-0.21503606919472856,-0.17129870990055035,-139.05555555555554,STEM,36.4623745819398,0.8592469105467515,0.021053983849479544,955,0.04702478668117038,0.006886003742543445,0.021053983849478507,-956.6666666666667,97.64613526570048,0.981551976635311,1.1451740476650738,959,20.51807528697283,0.14332229702348642,1.1451740476650738,-956.3333333333333
Transportation Studies,42.0,0.40077400549055864,0.5363325164419708,10,7.049840834084996,-0.4035907160477836,0.5363325164419712,-137.43333333333334,51.8,0.5663390633176812,-0.6019671945995833,10,-17.192334142465057,-0.05447653751807613,-0.6019671945995836,-139.05555555555554,STEM,36.4623745819398,0.8592469105467515,0.021053983849479544,955,0.04702478668117038,0.006886003742543445,0.021053983849478507,-956.6666666666667,97.64613526570048,0.981551976635311,1.1451740476650738,959,20.51807528697283,0.14332229702348642,1.1451740476650738,-956.3333333333333
Astronomy,132.0,,7.383285180450924,1,97.04984083408499,,7.383285180450924,-146.43333333333334,132.0,,2.206131380429886,1,63.007665857534946,,2.2061313804298854,-148.05555555555554,STEM,36.4623745819398,0.8592469105467515,0.021053983849479544,955,0.04702478668117038,0.006886003742543445,0.021053983849478507,-956.6666666666667,97.64613526570048,0.981551976635311,1.1451740476650738,959,20.51807528697283,0.14332229702348642,1.1451740476650738,-956.3333333333333
Law,32.346774193548384,0.9744623444065065,-0.19805837413318336,248,-2.6033849723666194,0.1700976228681642,-0.19805837413318295,100.56666666666666,67.99193548387096,0.6430601311617562,-0.035027656454606315,248,-1.0003986585940936,0.022244530325998824,-0.03502765645460663,98.94444444444446,Social Sciences,34.15867480383609,0.8391207913227822,-1.0103607517683681,2763,-2.2566749914225355,-0.013240115481425896,-1.0103607517683693,851.3333333333333,64.57226926941294,0.7674399680589326,-0.7007755584828452,2768,-12.555790709314707,-0.07078971155289204,-0.7007755584828452,852.6666666666667
African American Studies,25.741935483870968,0.9668676278803128,-0.7005363518951305,31,-9.208223682044036,0.1625029063419705,-0.7005363518951301,-116.43333333333334,46.87096774193548,0.643335631936852,-0.7745508412348109,31,-22.121366400529574,0.022520031101094573,-0.7745508412348112,-118.05555555555554,Social Sciences,34.15867480383609,0.8391207913227822,-1.0103607517683681,2763,-2.2566749914225355,-0.013240115481425896,-1.0103607517683693,851.3333333333333,64.57226926941294,0.7674399680589326,-0.7007755584828452,2768,-12.555790709314707,-0.07078971155289204,-0.7007755584828452,852.6666666666667
American Studies,39.163120567375884,0.9304595747022703,0.3205105254566608,140,4.2129614014608805,0.126094853163928,0.3205105254566612,-7.433333333333337,78.81560283687944,0.5398984515320773,0.34394896287926,140,9.82326869441438,-0.0809171493036801,0.3439489628792597,-9.055555555555543,Social Sciences,34.15867480383609,0.8391207913227822,-1.0103607517683681,2763,-2.2566749914225355,-0.013240115481425896,-1.0103607517683693,851.3333333333333,64.57226926941294,0.7674399680589326,-0.7007755584828452,2768,-12.555790709314707,-0.07078971155289204,-0.7007755584828452,852.6666666666667
Anthropology,36.12765957446808,0.9299450139630552,0.08958099510237934,141,1.1775004085530796,0.1255802924247129,0.08958099510237975,-6.433333333333337,75.00699300699301,0.7975708330649883,0.210595448712835,143,6.014658864527959,0.17675523222923095,0.2105954487128347,-6.055555555555543,Social Sciences,34.15867480383609,0.8391207913227822,-1.0103607517683681,2763,-2.2566749914225355,-0.013240115481425896,-1.0103607517683693,851.3333333333333,64.57226926941294,0.7674399680589326,-0.7007755584828452,2768,-12.555790709314707,-0.07078971155289204,-0.7007755584828452,852.6666666666667
Library Science,33.074074074074076,0.9216642978444305,-0.1427273979720858,27,-1.8760850918409275,0.11729957630608823,-0.1427273979720854,-120.43333333333334,77.74074074074075,0.396449962115543,0.30631406611466855,27,8.748406598275693,-0.22436563872021437,0.3063140661146682,-122.05555555555554,Social Sciences,34.15867480383609,0.8391207913227822,-1.0103607517683681,2763,-2.2566749914225355,-0.013240115481425896,-1.0103607517683693,851.3333333333333,64.57226926941294,0.7674399680589326,-0.7007755584828452,2768,-12.555790709314707,-0.07078971155289204,-0.7007755584828452,852.6666666666667
Peace & Conflict Studies,23.704347826086956,0.9215836705186276,-0.8555504212464196,114,-11.245811339828048,0.11721894898028529,-0.8555504212464191,-33.43333333333334,43.69565217391305,0.6982595203715278,-0.8857303814072882,114,-25.296681968552008,0.07744391953577046,-0.8857303814072885,-35.05555555555554,Social Sciences,34.15867480383609,0.8391207913227822,-1.0103607517683681,2763,-2.2566749914225355,-0.013240115481425896,-1.0103607517683693,851.3333333333333,64.57226926941294,0.7674399680589326,-0.7007755584828452,2768,-12.555790709314707,-0.07078971155289204,-0.7007755584828452,852.6666666666667
Military Studies,27.157894736842106,0.8992391422959748,-0.5928140632366987,38,-7.7922644290728975,0.09487442075763253,-0.5928140632366983,-109.43333333333334,52.28947368421053,0.5415911582234711,-0.584828910869583,38,-16.702860458254527,-0.07922444261228623,-0.5848289108695833,-111.05555555555554,Social Sciences,34.15867480383609,0.8391207913227822,-1.0103607517683681,2763,-2.2566749914225355,-0.013240115481425896,-1.0103607517683693,851.3333333333333,64.57226926941294,0.7674399680589326,-0.7007755584828452,2768,-12.555790709314707,-0.07078971155289204,-0.7007755584828452,852.6666666666667
Security Studies,26.870646766169155,0.8940383341461954,-0.6146670994370357,198,-8.079512399745848,0.08967361260785311,-0.6146670994370352,50.56666666666666,52.851485148514854,0.7909205811166291,-0.5651508112179221,199,-16.1408489939502,0.17010498028087173,-0.5651508112179224,49.94444444444446,Social Sciences,34.15867480383609,0.8391207913227822,-1.0103607517683681,2763,-2.2566749914225355,-0.013240115481425896,-1.0103607517683693,851.3333333333333,64.57226926941294,0.7674399680589326,-0.7007755584828452,2768,-12.555790709314707,-0.07078971155289204,-0.7007755584828452,852.6666666666667
Finance,31.072727272727274,0.8898639660629899,-0.29498436256194455,55,-3.8774318931877296,0.08549924452464763,-0.29498436256194416,-92.43333333333334,88.34545454545454,0.8238666401991179,0.6776243120449946,55,19.35312040298949,0.20305103936336055,0.6776243120449943,-94.05555555555554,Social Sciences,34.15867480383609,0.8391207913227822,-1.0103607517683681,2763,-2.2566749914225355,-0.013240115481425896,-1.0103607517683693,851.3333333333333,64.57226926941294,0.7674399680589326,-0.7007755584828452,2768,-12.555790709314707,-0.07078971155289204,-0.7007755584828452,852.6666666666667
Urban Studies,26.875,0.8825344597709692,-0.6143359173706451,24,-8.075159165915004,0.07816973823262696,-0.6143359173706446,-123.43333333333334,51.166666666666664,0.3950913146594477,-0.6241425366301567,24,-17.82566747579839,-0.22572428617630969,-0.6241425366301571,-125.05555555555554,Social Sciences,34.15867480383609,0.8391207913227822,-1.0103607517683681,2763,-2.2566749914225355,-0.013240115481425896,-1.0103607517683693,851.3333333333333,64.57226926941294,0.7674399680589326,-0.7007755584828452,2768,-12.555790709314707,-0.07078971155289204,-0.7007755584828452,852.6666666666667
International Relations,27.841463414634145,0.866473768909376,-0.5408100367984623,161,-7.108695751280859,0.06210904737103373,-0.5408100367984618,13.566666666666663,52.855421686746986,0.827829528698038,-0.5650129784573211,163,-16.13691245571807,0.20701392786228068,-0.5650129784573215,13.944444444444457,Social Sciences,34.15867480383609,0.8391207913227822,-1.0103607517683681,2763,-2.2566749914225355,-0.013240115481425896,-1.0103607517683693,851.3333333333333,64.57226926941294,0.7674399680589326,-0.7007755584828452,2768,-12.555790709314707,-0.07078971155289204,-0.7007755584828452,852.6666666666667
Communication Studies,17.46153846153846,0.8521999579430661,-1.3304862013519236,13,-17.488620704376544,0.04783523640472387,-1.3304862013519232,-134.43333333333334,36.84615384615385,0.6146893201889622,-1.1255566469166067,13,-32.14618029631121,-0.0061262806467952124,-1.125556646916607,-136.05555555555554,Social Sciences,34.15867480383609,0.8391207913227822,-1.0103607517683681,2763,-2.2566749914225355,-0.013240115481425896,-1.0103607517683693,851.3333333333333,64.57226926941294,0.7674399680589326,-0.7007755584828452,2768,-12.555790709314707,-0.07078971155289204,-0.7007755584828452,852.6666666666667
Political Science,30.565217391304348,0.8400812828464111,-0.3335943196132731,341,-4.384941774610656,0.035716561308068884,-0.33359431961327274,193.56666666666666,53.540462427745666,0.7200320429329375,-0.541027168873337,342,-15.451871714719388,0.09921644209718017,-0.5410271688733373,192.94444444444446,Social Sciences,34.15867480383609,0.8391207913227822,-1.0103607517683681,2763,-2.2566749914225355,-0.013240115481425896,-1.0103607517683693,851.3333333333333,64.57226926941294,0.7674399680589326,-0.7007755584828452,2768,-12.555790709314707,-0.07078971155289204,-0.7007755584828452,852.6666666666667
Social Sciences,34.49049662783568,0.8281991708154668,-0.034969862662748076,1619,-0.45966253807932134,0.023834449277124525,-0.03496986266274766,1471.5666666666666,67.74470659407139,0.7835405199987456,-0.04368405412483446,1634,-1.247627548393666,0.16272491916298826,-0.043684054124834774,1484.9444444444443,Social Sciences,34.15867480383609,0.8391207913227822,-1.0103607517683681,2763,-2.2566749914225355,-0.013240115481425896,-1.0103607517683693,851.3333333333333,64.57226926941294,0.7674399680589326,-0.7007755584828452,2768,-12.555790709314707,-0.07078971155289204,-0.7007755584828452,852.6666666666667
Middle East Studies,43.12048192771084,0.8259403361566612,0.621575702218789,83,8.170322761795838,0.021575614618318917,0.6215757022187894,-64.43333333333334,62.62921348314607,0.5759112376043357,-0.22279638474032648,85,-6.363120659318987,-0.04490436323142166,-0.22279638474032679,-64.05555555555554,Social Sciences,34.15867480383609,0.8391207913227822,-1.0103607517683681,2763,-2.2566749914225355,-0.013240115481425896,-1.0103607517683693,851.3333333333333,64.57226926941294,0.7674399680589326,-0.7007755584828452,2768,-12.555790709314707,-0.07078971155289204,-0.7007755584828452,852.6666666666667
Area Studies,37.88630490956072,0.823364913952536,0.2233738991263733,768,2.9361457436457172,0.019000192414193706,0.2233738991263737,620.5666666666666,65.6845466155811,0.8213578899200098,-0.11581787332597318,777,-3.3077875268839563,0.20054228908425242,-0.11581787332597349,627.9444444444445,Social Sciences,34.15867480383609,0.8391207913227822,-1.0103607517683681,2763,-2.2566749914225355,-0.013240115481425896,-1.0103607517683693,851.3333333333333,64.57226926941294,0.7674399680589326,-0.7007755584828452,2768,-12.555790709314707,-0.07078971155289204,-0.7007755584828452,852.6666666666667
Asian Studies,40.126315789473686,0.8218672741666434,0.3937877709222524,190,5.176156623558683,0.017502552628301138,0.3937877709222528,42.56666666666666,61.25388601036269,0.6652060714612998,-0.270951685445088,193,-7.738448132102363,0.044390470625542466,-0.27095168544508835,43.94444444444446,Social Sciences,34.15867480383609,0.8391207913227822,-1.0103607517683681,2763,-2.2566749914225355,-0.013240115481425896,-1.0103607517683693,851.3333333333333,64.57226926941294,0.7674399680589326,-0.7007755584828452,2768,-12.555790709314707,-0.07078971155289204,-0.7007755584828452,852.6666666666667
Psychology,34.416666666666664,0.8082837851285539,-0.040586643210635695,48,-0.5334924992483394,0.003919063590211658,-0.04058664321063528,-99.43333333333334,53.229166666666664,0.5530323045230174,-0.5519267846226968,48,-15.76316747579839,-0.06778329631273994,-0.5519267846226972,-101.05555555555554,Social Sciences,34.15867480383609,0.8391207913227822,-1.0103607517683681,2763,-2.2566749914225355,-0.013240115481425896,-1.0103607517683693,851.3333333333333,64.57226926941294,0.7674399680589326,-0.7007755584828452,2768,-12.555790709314707,-0.07078971155289204,-0.7007755584828452,852.6666666666667
Development Studies,24.775,0.8017867599503319,-0.7740981461975208,40,-10.175159165915005,-0.00257796158801038,-0.7740981461975204,-107.43333333333334,42.1,0.3344848512514426,-0.9416000646467881,40,-26.892334142465053,-0.28633074958431476,-0.9416000646467885,-109.05555555555554,Social Sciences,34.15867480383609,0.8391207913227822,-1.0103607517683681,2763,-2.2566749914225355,-0.013240115481425896,-1.0103607517683693,851.3333333333333,64.57226926941294,0.7674399680589326,-0.7007755584828452,2768,-12.555790709314707,-0.07078971155289204,-0.7007755584828452,852.6666666666667
Business,33.778125,0.7989217375053413,-0.0891651383846803,318,-1.1720341659150009,-0.005442984033000919,-0.08916513838467989,170.56666666666666,66.16875,0.7347964169510934,-0.0988641222809461,318,-2.8235841424650516,0.11398081611533606,-0.0988641222809464,168.94444444444446,Social Sciences,34.15867480383609,0.8391207913227822,-1.0103607517683681,2763,-2.2566749914225355,-0.013240115481425896,-1.0103607517683693,851.3333333333333,64.57226926941294,0.7674399680589326,-0.7007755584828452,2768,-12.555790709314707,-0.07078971155289204,-0.7007755584828452,852.6666666666667
Economics,37.35094339622641,0.7984125322628534,0.18264506646045986,262,2.400784230311409,-0.005952189275488906,0.18264506646046028,114.56666666666666,72.84306569343066,0.7266142393502644,0.13482835138513183,264,3.8507315509656053,0.10579863851450699,0.13482835138513152,114.94444444444446,Social Sciences,34.15867480383609,0.8391207913227822,-1.0103607517683681,2763,-2.2566749914225355,-0.013240115481425896,-1.0103607517683693,851.3333333333333,64.57226926941294,0.7674399680589326,-0.7007755584828452,2768,-12.555790709314707,-0.07078971155289204,-0.7007755584828452,852.6666666666667
Education,34.56506849315068,0.7962062583583671,-0.029296640086318507,291,-0.38509067276432063,-0.00815846317997515,-0.029296640086318094,143.56666666666666,75.29452054794521,0.6973331410607139,0.2206628511820319,291,6.302186405480157,0.07651754022495649,0.2206628511820316,141.94444444444446,Social Sciences,34.15867480383609,0.8391207913227822,-1.0103607517683681,2763,-2.2566749914225355,-0.013240115481425896,-1.0103607517683693,851.3333333333333,64.57226926941294,0.7674399680589326,-0.7007755584828452,2768,-12.555790709314707,-0.07078971155289204,-0.7007755584828452,852.6666666666667
Management & Organizational Behavior,28.05,0.7932014303850464,-0.524945146479417,60,-6.900159165915003,-0.01116329115329584,-0.5249451464794166,-87.43333333333334,62.93939393939394,0.8777516041136918,-0.21193581993743826,62,-6.052940203071117,0.2569360032779344,-0.21193581993743857,-87.05555555555554,Social Sciences,34.15867480383609,0.8391207913227822,-1.0103607517683681,2763,-2.2566749914225355,-0.013240115481425896,-1.0103607517683693,851.3333333333333,64.57226926941294,0.7674399680589326,-0.7007755584828452,2768,-12.555790709314707,-0.07078971155289204,-0.7007755584828452,852.6666666666667
Population Studies,26.866666666666667,0.7923836747293239,-0.6149698944691644,44,-8.083492499248337,-0.011981046809018348,-0.614969894469164,-103.43333333333334,47.84782608695652,0.3879792643309027,-0.7403474182091346,45,-21.14450805550853,-0.2328363365048547,-0.740347418209135,-104.05555555555554,Social Sciences,34.15867480383609,0.8391207913227822,-1.0103607517683681,2763,-2.2566749914225355,-0.013240115481425896,-1.0103607517683693,851.3333333333333,64.57226926941294,0.7674399680589326,-0.7007755584828452,2768,-12.555790709314707,-0.07078971155289204,-0.7007755584828452,852.6666666666667
Business & Economics,34.002232142857146,0.7893214977150947,-0.07211568284235641,445,-0.9479270230578578,-0.01504322382324752,-0.07211568284235599,297.56666666666666,63.060133630289535,0.7344897428308471,-0.20770827687068733,446,-5.93220051217552,0.11367414199508974,-0.20770827687068763,296.94444444444446,Social Sciences,34.15867480383609,0.8391207913227822,-1.0103607517683681,2763,-2.2566749914225355,-0.013240115481425896,-1.0103607517683693,851.3333333333333,64.57226926941294,0.7674399680589326,-0.7007755584828452,2768,-12.555790709314707,-0.07078971155289204,-0.7007755584828452,852.6666666666667
Public Health,23.184782608695652,0.785531590857994,-0.895077515128017,92,-11.765376557219351,-0.01883313068034831,-0.8950775151280166,-55.43333333333334,53.48913043478261,0.6323505213580478,-0.5428244917697583,92,-15.503203707682445,0.011534920522290437,-0.5428244917697587,-57.05555555555554,Social Sciences,34.15867480383609,0.8391207913227822,-1.0103607517683681,2763,-2.2566749914225355,-0.013240115481425896,-1.0103607517683693,851.3333333333333,64.57226926941294,0.7674399680589326,-0.7007755584828452,2768,-12.555790709314707,-0.07078971155289204,-0.7007755584828452,852.6666666666667
American Indian Studies,38.3,0.7758128781878466,0.25484668469938027,10,3.3498408340849934,-0.028551843350495654,0.25484668469938065,-137.43333333333334,47.0,0.4984761245618604,-0.7700329447260351,10,-21.992334142465054,-0.12233947627389696,-0.7700329447260355,-139.05555555555554,Social Sciences,34.15867480383609,0.8391207913227822,-1.0103607517683681,2763,-2.2566749914225355,-0.013240115481425896,-1.0103607517683693,851.3333333333333,64.57226926941294,0.7674399680589326,-0.7007755584828452,2768,-12.555790709314707,-0.07078971155289204,-0.7007755584828452,852.6666666666667
European Studies,32.958333333333336,0.7748210118376083,-0.15153263545152115,23,-1.991825832581668,-0.029543709700733944,-0.15153263545152074,-124.43333333333334,56.935483870967744,0.6815988513569403,-0.42215491355031454,30,-12.05685027149731,0.06078325052118294,-0.42215491355031487,-119.05555555555554,Social Sciences,34.15867480383609,0.8391207913227822,-1.0103607517683681,2763,-2.2566749914225355,-0.013240115481425896,-1.0103607517683693,851.3333333333333,64.57226926941294,0.7674399680589326,-0.7007755584828452,2768,-12.555790709314707,-0.07078971155289204,-0.7007755584828452,852.6666666666667
Archaeology,47.218934911242606,0.7719286189916545,0.9333747419288807,167,12.268775745327602,-0.03243610254668772,0.9333747419288811,19.566666666666663,96.67630057803468,0.9165488789831254,0.9693180386394858,171,27.68396643556963,0.29573327814736805,0.9693180386394855,21.944444444444457,Social Sciences,34.15867480383609,0.8391207913227822,-1.0103607517683681,2763,-2.2566749914225355,-0.013240115481425896,-1.0103607517683693,851.3333333333333,64.57226926941294,0.7674399680589326,-0.7007755584828452,2768,-12.555790709314707,-0.07078971155289204,-0.7007755584828452,852.6666666666667
Labor & Employment Relations,30.970588235294116,0.7607122325750078,-0.30275481983363645,34,-3.9795709306208877,-0.04365248896333451,-0.30275481983363606,-113.43333333333334,49.638888888888886,0.42367583146072485,-0.6776356862653122,34,-19.35344525357617,-0.19713976937503253,-0.6776356862653126,-115.05555555555554,Social Sciences,34.15867480383609,0.8391207913227822,-1.0103607517683681,2763,-2.2566749914225355,-0.013240115481425896,-1.0103607517683693,851.3333333333333,64.57226926941294,0.7674399680589326,-0.7007755584828452,2768,-12.555790709314707,-0.07078971155289204,-0.7007755584828452,852.6666666666667
Geography,48.31481481481482,0.7555067881430538,1.0167462733199655,53,13.364655648899813,-0.04885793339528843,1.016746273319966,-94.43333333333334,95.01851851851852,0.6295317196956212,0.9112729583522444,53,26.026184376053465,0.008716118859863786,0.9112729583522441,-96.05555555555554,Social Sciences,34.15867480383609,0.8391207913227822,-1.0103607517683681,2763,-2.2566749914225355,-0.013240115481425896,-1.0103607517683693,851.3333333333333,64.57226926941294,0.7674399680589326,-0.7007755584828452,2768,-12.555790709314707,-0.07078971155289204,-0.7007755584828452,852.6666666666667
Sociology,32.46875,0.7532063538595328,-0.188778789989533,223,-2.4814091659150037,-0.051158367678809435,-0.1887787899895326,75.56666666666666,58.389380530973455,0.5895880987752629,-0.37124861505652224,225,-10.6029536114916,-0.031227502060494516,-0.37124861505652257,75.94444444444446,Social Sciences,34.15867480383609,0.8391207913227822,-1.0103607517683681,2763,-2.2566749914225355,-0.013240115481425896,-1.0103607517683693,851.3333333333333,64.57226926941294,0.7674399680589326,-0.7007755584828452,2768,-12.555790709314707,-0.07078971155289204,-0.7007755584828452,852.6666666666667
Health Policy,25.078125,0.7506984178319491,-0.7510372292388794,63,-9.872034165915004,-0.05366630370639314,-0.751037229238879,-84.43333333333334,57.5625,0.6382725570005106,-0.4002007602029832,63,-11.429834142465054,0.01745695616475318,-0.4002007602029835,-86.05555555555554,Social Sciences,34.15867480383609,0.8391207913227822,-1.0103607517683681,2763,-2.2566749914225355,-0.013240115481425896,-1.0103607517683693,851.3333333333333,64.57226926941294,0.7674399680589326,-0.7007755584828452,2768,-12.555790709314707,-0.07078971155289204,-0.7007755584828452,852.6666666666667
Linguistics,45.025,0.737846373666428,0.7664662032044939,80,10.074840834084995,-0.06651834787191424,0.7664662032044943,-67.43333333333334,74.85,0.6432212815871541,0.20509854298681643,80,5.85766585753494,0.022405680751396706,0.20509854298681612,-69.05555555555554,Social Sciences,34.15867480383609,0.8391207913227822,-1.0103607517683681,2763,-2.2566749914225355,-0.013240115481425896,-1.0103607517683693,851.3333333333333,64.57226926941294,0.7674399680589326,-0.7007755584828452,2768,-12.555790709314707,-0.07078971155289204,-0.7007755584828452,852.6666666666667
Public Policy & Administration,30.589285714285715,0.7344122505728242,-0.3317632677448787,55,-4.360873451629288,-0.06995247096551804,-0.3317632677448783,-92.43333333333334,44.517857142857146,0.5189232399922711,-0.8569419449774369,55,-24.47447699960791,-0.1018923608434863,-0.8569419449774373,-94.05555555555554,Social Sciences,34.15867480383609,0.8391207913227822,-1.0103607517683681,2763,-2.2566749914225355,-0.013240115481425896,-1.0103607517683693,851.3333333333333,64.57226926941294,0.7674399680589326,-0.7007755584828452,2768,-12.555790709314707,-0.07078971155289204,-0.7007755584828452,852.6666666666667
Criminology & Criminal Justice,23.61904761904762,0.7267567703336559,-0.8620398265778473,21,-11.331111546867383,-0.07760795120468633,-0.8620398265778468,-126.43333333333334,64.42857142857143,0.5600625330742847,-0.15979420914784623,21,-4.563762713893624,-0.06075306776147271,-0.15979420914784653,-128.05555555555554,Social Sciences,34.15867480383609,0.8391207913227822,-1.0103607517683681,2763,-2.2566749914225355,-0.013240115481425896,-1.0103607517683693,851.3333333333333,64.57226926941294,0.7674399680589326,-0.7007755584828452,2768,-12.555790709314707,-0.07078971155289204,-0.7007755584828452,852.6666666666667
African Studies,34.883720930232556,0.7249545868129786,-0.005054438386644323,85,-0.06643823568244756,-0.07941013472536362,-0.005054438386643908,-62.43333333333334,50.348837209302324,0.4772461815014184,-0.6527777702192082,85,-18.64349693316273,-0.14356941933433898,-0.6527777702192086,-64.05555555555554,Social Sciences,34.15867480383609,0.8391207913227822,-1.0103607517683681,2763,-2.2566749914225355,-0.013240115481425896,-1.0103607517683693,851.3333333333333,64.57226926941294,0.7674399680589326,-0.7007755584828452,2768,-12.555790709314707,-0.07078971155289204,-0.7007755584828452,852.6666666666667
Marketing & Advertising,30.75,0.7246026654987905,-0.31953656655914847,16,-4.200159165915004,-0.07976205603955178,-0.3195365665591481,-131.43333333333334,44.25,0.5674971805127127,-0.8663206140693149,16,-24.742334142465054,-0.05331842032304468,-0.8663206140693153,-133.05555555555554,Social Sciences,34.15867480383609,0.8391207913227822,-1.0103607517683681,2763,-2.2566749914225355,-0.013240115481425896,-1.0103607517683693,851.3333333333333,64.57226926941294,0.7674399680589326,-0.7007755584828452,2768,-12.555790709314707,-0.07078971155289204,-0.7007755584828452,852.6666666666667
Social Work,28.8,0.6773215811771022,-0.46788720761267577,35,-6.150159165915003,-0.1270431403612401,-0.4678872076126754,-112.43333333333334,70.17142857142858,0.6234292781503864,0.041284456182016156,35,1.1790944289635235,0.002613677314629026,0.041284456182015844,-114.05555555555554,Social Sciences,34.15867480383609,0.8391207913227822,-1.0103607517683681,2763,-2.2566749914225355,-0.013240115481425896,-1.0103607517683693,851.3333333333333,64.57226926941294,0.7674399680589326,-0.7007755584828452,2768,-12.555790709314707,-0.07078971155289204,-0.7007755584828452,852.6666666666667
Food Studies,22.0,0.6610472532840448,-0.9852125200044635,5,-12.950159165915004,-0.14331746825429748,-0.985212520004463,-142.43333333333334,52.4,0.6173007799274315,-0.5809589758337766,5,-16.592334142465056,-0.0035148209083258886,-0.580958975833777,-144.05555555555554,Social Sciences,34.15867480383609,0.8391207913227822,-1.0103607517683681,2763,-2.2566749914225355,-0.013240115481425896,-1.0103607517683693,851.3333333333333,64.57226926941294,0.7674399680589326,-0.7007755584828452,2768,-12.555790709314707,-0.07078971155289204,-0.7007755584828452,852.6666666666667
Latin American Studies,36.9746835443038,0.659483606094937,0.15402025095511385,77,2.024524378388797,-0.14488111544340532,0.15402025095511426,-70.43333333333334,59.8780487804878,0.40931865222014596,-0.3191248346306762,77,-9.114285361977252,-0.2114969486156114,-0.31912483463067653,-72.05555555555554,Social Sciences,34.15867480383609,0.8391207913227822,-1.0103607517683681,2763,-2.2566749914225355,-0.013240115481425896,-1.0103607517683693,851.3333333333333,64.57226926941294,0.7674399680589326,-0.7007755584828452,2768,-12.555790709314707,-0.07078971155289204,-0.7007755584828452,852.6666666666667
Feminist & Women's Studies,23.68888888888889,0.6297977972779708,-0.8567264947045422,45,-11.261270277026114,-0.17456692426037146,-0.8567264947045418,-102.43333333333334,30.066666666666666,0.43181394463973316,-1.3629315632276855,45,-38.92566747579839,-0.18900165619602421,-1.3629315632276857,-104.05555555555554,Social Sciences,34.15867480383609,0.8391207913227822,-1.0103607517683681,2763,-2.2566749914225355,-0.013240115481425896,-1.0103607517683693,851.3333333333333,64.57226926941294,0.7674399680589326,-0.7007755584828452,2768,-12.555790709314707,-0.07078971155289204,-0.7007755584828452,852.6666666666667
Gender Studies,23.79310344827586,0.6125055762892181,-0.8487981374265073,29,-11.157055717639143,-0.19185914524912417,-0.8487981374265069,-118.43333333333334,28.419354838709676,0.43550568609759743,-1.4206100419897203,31,-40.572979303755375,-0.18530991473815994,-1.4206100419897205,-118.05555555555554,Social Sciences,34.15867480383609,0.8391207913227822,-1.0103607517683681,2763,-2.2566749914225355,-0.013240115481425896,-1.0103607517683693,851.3333333333333,64.57226926941294,0.7674399680589326,-0.7007755584828452,2768,-12.555790709314707,-0.07078971155289204,-0.7007755584828452,852.6666666666667
Cultural Studies,31.3,0.49917588635608473,-0.27769407805687146,20,-3.650159165915003,-0.30518883518225753,-0.2776940780568711,-127.43333333333334,37.27272727272727,0.3689048146898482,-1.1106207338080496,22,-31.71960686973778,-0.25191078614590917,-1.1106207338080498,-127.05555555555554,Social Sciences,34.15867480383609,0.8391207913227822,-1.0103607517683681,2763,-2.2566749914225355,-0.013240115481425896,-1.0103607517683693,851.3333333333333,64.57226926941294,0.7674399680589326,-0.7007755584828452,2768,-12.555790709314707,-0.07078971155289204,-0.7007755584828452,852.6666666666667
